{
"maps": [
  {
    "id": 0,
    "cellWidth": 1.0,
    "cellHeight": 0.5,
    "cellBoundMinX": -8,
    "cellBoundMaxX": 12,
    "cellBoundMinY": -7,
    "cellBoundMaxY": 15,
    "collisions": [
      "111111111111111111111",
      "111000000000000111111",
      "111000000000001100011",
      "111000000000011000011",
      "111000000000000000011",
      "111000000000000000011",
      "111000000000000000001",
      "111000001000000000101",
      "111000011000000000101",
      "111000010000000000001",
      "111000010000000000001",
      "111000010000000000001",
      "111000010000000000001",
      "111000010000000000001",
      "111000000000000000001",
      "111000000111100000001",
      "111000001111111000001",
      "111000001111111000001",
      "111000001111111000001",
      "111000000000000000001",
      "111000000000000000001",
      "111111111111111111111",
      "111111111111111111111"
    ],
    "teleports": [
      {
        "number": 0,
        "posX": 5.38599968,
        "posY": 2.79400063,
        "width": 1.8,
        "height": 0.8
      },
      {
        "number": 1,
        "posX": 18.149,
        "posY": 18.473,
        "width": 1.8,
        "height": 0.8
      }
    ],
    "enterZones": [
      {
        "number": 0,
        "posX": 7.68000031,
        "posY": 4.24
      },
      {
        "number": 1,
        "posX": 18.09,
        "posY": 15.21
      }
    ]
  },
  {
    "id": 1,
    "cellWidth": 1.0,
    "cellHeight": 0.5,
    "cellBoundMinX": -13,
    "cellBoundMaxX": 12,
    "cellBoundMinY": -7,
    "cellBoundMaxY": 15,
    "collisions": [
      "11111111111111111111111111",
      "11111111000000000000111111",
      "11111111000000000001100011",
      "11111111000000000011000011",
      "11111111000000000000000011",
      "11111110000000000000000011",
      "11111000000000000000000001",
      "11110000000001000000000101",
      "11100000000011000000000101",
      "11000000000010000000000001",
      "10000000000010000000000001",
      "10000000000010000000000001",
      "10000000000010000000000001",
      "11000000000010000000000001",
      "11000000000000000000000001",
      "11100000000000111100000001",
      "11100000000001111111000001",
      "11111000000001111111000001",
      "11111111000001111111000001",
      "11111111000000000000000001",
      "11111111000000000000000001",
      "11111111111111111111111111",
      "11111111111111111111111111"
    ],
    "teleports": [
      {
        "number": 0,
        "posX": 10.386,
        "posY": 2.79400063,
        "width": 1.8,
        "height": 0.8
      },
      {
        "number": 1,
        "posX": 23.149,
        "posY": 18.473,
        "width": 1.8,
        "height": 0.8
      }
    ],
    "enterZones": [
      {
        "number": 0,
        "posX": 12.68,
        "posY": 4.24
      },
      {
        "number": 1,
        "posX": 23.09,
        "posY": 15.21
      }
    ]
  },
  {
    "id": 2,
    "cellWidth": 1.0,
    "cellHeight": 0.5,
    "cellBoundMinX": -8,
    "cellBoundMaxX": 12,
    "cellBoundMinY": -7,
    "cellBoundMaxY": 15,
    "collisions": [
      "111111111111111111111",
      "111000000000000111111",
      "111000000000001100011",
      "111000000000011000011",
      "111000000000000000011",
      "111000000000000000011",
      "111000000000010000001",
      "111000001000010000101",
      "111000011000010000101",
      "111000010000010000001",
      "111000010000010000001",
      "111000010000010000001",
      "111000010001110000001",
      "111000010000000000001",
      "111000000000000000001",
      "111000000111100000001",
      "111000001111111000001",
      "111000001111111000001",
      "111000001111111000001",
      "111000000000000000001",
      "111000000000000000001",
      "111111111111111111111",
      "111111111111111111111"
    ],
    "teleports": [
      {
        "number": 0,
        "posX": 5.24,
        "posY": 17.72,
        "width": 1.8,
        "height": 0.8
      },
      {
        "number": 1,
        "posX": 17.82,
        "posY": 11.78,
        "width": 1.8,
        "height": 0.8
      }
    ],
    "enterZones": [
      {
        "number": 0,
        "posX": 7.53,
        "posY": 15.09
      },
      {
        "number": 1,
        "posX": 17.91,
        "posY": 14.83
      }
    ]
  }
]
}